small_letters,capital_letters,spaces,digits,",",.,@,(,),!,-,?,%,&,#,_,=,;,:,/,author
57874,5034,8717,1196,85,863,970,5,27,403,258,131,4,19,1601,137,34,9,478,1968,0
57298,3738,12474,872,358,1028,324,104,172,226,238,144,4,10,556,26,6,32,320,642,0
13293,940,2066,689,24,347,31,1,1,36,211,62,10,4,5,27,10,0,188,615,0
6508,648,714,650,4,170,58,4,4,0,160,44,0,56,52,100,100,0,72,222,0
16496,1524,2482,664,38,358,588,12,156,592,92,70,4,10,100,96,16,104,256,488,0
2446,254,410,58,10,42,44,2,4,30,34,4,0,2,20,8,2,2,30,56,0
6533,499,1254,79,17,171,38,5,7,13,38,15,3,5,10,13,2,0,58,172,0
63442,7244,12796,3023,388,1622,527,83,141,513,644,108,4,131,516,46,1,24,925,2094,0
36564,4443,7221,576,152,509,572,15,22,444,137,94,2,44,645,36,7,1,407,656,0
29408,3322,4704,1316,146,772,402,30,36,268,176,78,4,18,358,68,12,4,482,1264,0
91817,7831,18062,2201,282,3868,32,17,17,65,152,67,1,36,4,2,1,1,1992,2947,0
66033,8362,9748,2338,121,1556,670,24,24,185,871,142,6,36,412,100,31,2,1130,3099,0
83367,9402,16263,1489,390,2134,240,335,254,442,414,128,11,42,461,24,24,12,1213,1988,0
9579,1031,1739,522,33,309,16,13,13,53,88,51,5,15,3,19,19,0,126,358,0
10310,801,1855,225,63,214,72,16,39,116,156,15,3,3,48,8,3,3,142,323,0
5884,530,958,114,32,74,114,2,4,14,74,10,2,4,18,12,10,2,40,104,0
72454,7470,11486,2883,250,1801,455,88,144,209,870,166,6,45,316,53,95,4,1268,3103,0
8604,754,1402,234,36,208,108,22,24,6,178,18,18,2,22,36,2,2,58,150,0
2153,472,412,238,3,94,2,0,1,17,4,2,0,0,26,0,0,0,162,328,0
1344,118,178,72,14,52,4,2,2,2,22,0,0,0,6,0,8,0,16,62,0
5993,491,1000,151,19,107,54,3,3,40,59,6,0,1,15,4,2,0,56,172,0
39992,2592,6924,1296,229,863,384,22,23,104,378,84,129,48,480,105,47,4,193,564,0
70078,5449,12954,1208,258,1422,1076,92,206,740,298,210,2,30,372,229,24,23,739,1577,0
4978,518,1073,150,23,149,0,0,0,26,11,9,0,0,0,0,0,0,57,159,0
5232,476,984,88,40,166,62,4,6,44,48,26,0,0,14,20,2,2,44,110,0
6715,1008,1372,199,81,303,2,2,2,33,33,22,0,0,0,0,1,0,175,277,0
50872,3714,10568,644,266,1164,605,76,116,299,197,84,0,102,94,139,0,22,323,703,0
49295,7108,10108,1848,254,1068,356,9,14,55,179,47,0,36,127,7,2,10,759,1926,0
11992,1004,1592,732,78,592,66,6,12,134,210,58,6,16,96,76,36,4,168,526,0
11348,901,2001,508,57,248,141,19,35,30,143,22,6,18,66,38,13,9,145,291,0
65539,5429,12284,1322,344,1461,1100,44,53,217,272,244,6,33,722,75,15,5,717,1565,0
66875,5135,13388,849,426,1626,899,98,118,261,240,192,7,58,200,102,13,8,759,1069,0
10868,1093,1653,475,12,211,63,4,3,32,194,27,2,29,29,32,31,2,184,418,0
102173,4953,11888,6003,139,1525,658,13,13,86,4353,54,226,41,2108,100,66,4,1385,4677,0
6565,464,719,360,6,167,249,14,55,127,69,10,0,0,5,56,117,1,79,214,0
4710,466,666,228,18,106,68,18,24,16,76,10,0,10,28,4,16,4,72,162,0
48132,5921,10248,1256,152,1397,402,127,124,77,180,82,5,9,144,16,215,0,252,1027,0
39348,3094,7456,1164,322,1244,208,16,18,322,316,120,0,34,162,26,40,0,360,968,0
72458,12625,10820,5713,161,1912,1101,24,24,245,847,104,0,39,901,465,130,1,1301,3765,0
2204,228,342,36,4,36,74,2,2,12,4,2,0,2,18,16,0,2,22,50,0
4730,460,620,206,8,92,108,6,6,14,34,14,4,2,126,14,2,0,66,184,0
44434,4041,9348,900,120,952,503,99,120,262,143,79,2,15,97,48,7,3,805,967,0
5075,522,1082,124,40,123,77,5,10,70,29,12,0,1,17,9,0,1,28,64,0
7463,426,1428,146,50,97,55,4,14,68,43,11,0,31,15,3,7,2,40,84,0
83057,19214,11875,6281,362,2032,819,18,19,195,355,864,18,69,3275,812,837,6,1323,3072,0
49286,4580,6888,1954,124,828,664,14,18,48,678,106,18,50,678,148,28,6,636,1816,0
33258,2984,5890,946,104,680,424,26,50,426,282,120,22,28,542,50,50,12,356,814,0
73935,5470,12107,3134,279,1572,802,34,37,160,1587,125,5,51,202,74,19,10,873,2502,0
56286,3615,9844,1142,247,1453,415,38,110,116,543,141,13,50,226,80,39,40,653,1521,0
82734,6324,13923,2471,390,1107,1220,35,67,293,803,213,33,76,725,192,58,26,881,2117,0
22808,1868,4228,697,84,589,66,9,9,98,190,84,14,9,11,42,11,2,277,786,0
40832,2820,5030,494,30,538,624,2,12,414,562,8,2,0,8,80,0,6,494,1900,0
71530,8072,11614,2173,217,1662,848,237,232,372,1054,99,13,36,873,224,21,5,1160,2857,0
52938,7404,10195,2247,191,1290,152,3,6,345,217,112,3,29,550,27,0,2,996,2452,0
68531,10639,12901,2827,464,3702,212,55,99,340,789,136,17,52,75,100,49,45,1111,2875,0
33927,3228,6183,801,198,821,332,13,14,164,260,79,4,15,207,65,16,3,302,647,0
1052,128,182,52,2,22,34,12,20,6,12,0,0,0,8,0,0,4,22,62,0
21210,2962,4391,741,116,1020,22,12,11,49,192,29,2,32,11,11,14,0,326,910,0
60381,5328,10136,1371,177,1659,0,14,11,13,274,45,6,11,0,0,1,5,1216,3086,0
20512,2140,3116,1236,66,534,182,8,8,54,250,44,2,36,12,22,42,2,316,922,0
48216,6690,10082,2380,402,1224,296,334,456,976,364,122,14,100,126,60,50,8,696,1676,0
51578,6572,8235,2758,179,1448,373,22,57,256,530,47,8,21,361,91,173,7,902,3243,0
2826,240,446,198,2,86,34,2,8,14,52,12,4,4,20,4,4,4,30,74,0
5674,658,578,198,0,38,246,0,0,82,2,16,0,0,6,60,2,0,24,40,0
82731,5895,15047,1933,273,1464,1045,73,114,243,896,115,10,18,432,143,22,12,794,2037,0
49205,4151,7891,1498,248,572,902,85,218,557,216,42,0,20,573,115,20,3,557,1303,0
10746,1282,1522,436,36,218,246,50,68,34,84,12,2,32,114,50,4,8,190,454,0
9836,1126,1212,558,30,329,62,6,6,7,326,13,11,14,57,43,21,1,121,414,0
40658,4234,6322,1220,86,832,230,84,206,528,200,38,2,14,638,78,8,12,976,2820,0
91585,8309,16353,2355,359,2475,1206,13,32,407,509,223,12,222,728,121,29,8,1019,2175,0
52631,6100,9933,1684,146,593,1212,28,145,824,227,88,8,180,402,41,39,6,470,995,0
4567,428,850,100,19,68,43,0,0,44,19,4,0,2,43,1,6,1,55,96,0
52442,4006,9810,992,382,1433,938,42,87,87,493,161,10,61,64,153,58,19,272,612,0
86510,6771,13247,4321,110,1939,533,91,140,510,714,127,2,88,2058,75,589,5,1014,4312,0
47805,4692,7939,1664,266,1280,416,19,23,230,551,93,4,14,203,183,34,2,379,1496,0
4774,740,732,444,12,128,74,4,4,82,4,10,0,12,20,18,16,2,116,286,0
63691,7963,10171,1394,222,2176,206,63,57,258,372,134,4,20,56,134,28,2,1970,2732,0
8416,1014,1342,368,62,302,118,6,12,56,124,20,0,6,22,30,10,4,132,290,0
2814,246,470,50,8,44,44,6,30,4,16,6,0,0,4,6,0,12,38,82,0
2552,410,412,104,20,98,42,0,0,18,22,2,0,0,28,14,0,0,48,92,0
53799,4689,10075,1543,209,929,316,22,92,463,648,87,22,255,247,34,8,2,619,1480,0
3646,404,572,108,14,76,48,14,10,2,110,14,0,0,18,14,0,2,66,162,0
67063,6365,12688,1365,74,1513,472,13,16,213,104,41,3,14,1168,27,10,3,882,1818,0
26742,1734,4792,528,194,340,214,8,8,0,156,18,10,12,138,24,10,2,130,396,0
74872,4259,10063,3844,414,2611,9,4,5,63,2574,108,3,6,581,39,36,52,843,4150,0
5836,572,826,290,4,74,202,18,50,36,70,10,2,0,42,28,0,0,102,194,0
59546,6479,11317,1907,218,1648,517,81,148,337,322,126,3,16,266,86,6,34,1023,1895,0
45732,2174,7942,742,148,918,438,14,100,338,186,98,2,14,210,50,34,2,330,760,0
79222,6491,14679,2428,240,1667,1294,18,45,824,1080,221,5,45,198,120,34,0,744,2069,0
59658,5181,9949,1393,152,1616,0,10,7,16,225,54,6,5,0,0,1,5,1217,3071,0
3987,582,658,198,23,178,90,4,86,0,38,5,0,2,37,27,0,0,84,178,0
79361,9011,16771,1837,460,1305,722,142,150,164,228,192,23,187,1497,85,56,48,652,479,0
5488,596,838,248,48,82,142,2,4,30,8,8,0,6,66,32,2,0,96,156,0
91337,4990,15114,1711,475,1885,1129,134,147,56,964,129,8,311,348,137,28,11,787,1750,0
3370,458,646,140,10,80,62,10,26,14,18,2,0,0,30,8,0,6,30,50,0
68637,7815,11236,3795,257,1428,929,286,317,587,909,166,54,117,706,280,188,24,752,2517,0
57455,6294,8762,2934,157,1242,257,33,40,383,817,100,27,52,319,63,53,9,1083,3651,0
38218,3638,5445,1547,143,1334,156,16,18,189,1308,97,0,56,4,22,49,2,350,1268,0
60292,9871,11557,3771,361,1808,538,129,124,28,226,297,24,20,11,12,5,0,1818,3112,0
40292,2579,7270,681,329,362,703,6,60,78,163,78,10,6,230,129,5,16,172,508,0
4384,840,700,178,12,92,92,0,22,12,134,12,0,0,50,10,2,8,82,196,0
75931,5472,14541,2167,444,1460,481,72,144,455,784,262,5,110,603,75,42,8,883,1990,0
1408,5526,1250,218,4,280,2,0,0,594,10,10,0,0,4,2,2,0,88,264,0
74644,6871,12066,2535,288,1231,1420,194,222,518,799,134,21,113,356,124,47,5,966,2351,0
8499,865,1808,170,22,174,84,3,10,193,26,31,0,1,62,1,0,0,67,149,0
64841,7934,12347,2099,365,1996,571,403,483,484,291,150,3,107,341,40,13,11,1147,2823,0
43992,3843,7241,1652,176,1015,241,6,6,99,1110,175,8,27,111,63,33,1,456,1584,0
58501,6518,11901,2855,247,1083,566,27,90,683,196,106,4,33,570,97,28,3,525,1099,0
70986,7869,14867,2197,647,2651,88,20,14,594,92,115,2,10,41,6,4,0,930,2572,0
4434,532,624,202,30,166,36,0,4,10,68,20,6,4,34,16,44,0,60,158,0
33732,2920,5658,996,218,788,498,12,66,152,418,162,10,38,458,122,76,24,260,740,0
15074,1848,2054,894,50,386,118,38,42,288,168,4,0,20,166,26,16,0,298,1020,0
12863,968,2678,113,93,227,166,9,8,29,24,38,0,0,9,19,1,2,65,144,0
5063,315,878,290,26,100,38,9,17,19,48,5,2,1,34,18,2,0,61,108,0
1394,134,230,4,12,30,20,0,0,16,0,8,0,0,12,2,0,0,0,2,0
54163,8241,9407,2147,199,1330,868,313,360,491,113,52,3,164,861,81,70,0,867,2653,0
76159,5122,13648,1203,263,1358,223,71,71,516,533,144,9,94,3051,19,1,2,1105,2687,0
31914,3343,4501,1585,106,729,140,4,4,165,798,72,11,32,45,53,32,0,491,1481,0
51213,10774,10720,1486,313,2317,242,29,79,812,292,286,4,46,51,41,66,3,827,2142,0
48252,4179,8982,1153,470,1249,491,159,9,500,145,183,0,65,837,119,12,47,548,827,0
65876,6778,10823,1663,205,1338,857,32,77,332,268,228,9,28,1650,145,24,13,745,1466,0
35717,4627,6626,1317,172,585,229,9,42,74,54,110,11,57,402,64,0,4,690,1103,0
65560,6291,13324,1397,401,2421,672,98,83,475,411,354,11,42,384,57,56,2,596,1160,0
59972,7218,13937,853,441,1157,717,11,104,271,122,275,1,11,17,151,15,3,261,309,0
13248,1800,2236,624,36,266,238,2,30,52,198,18,0,6,52,16,2,10,222,542,0
63058,5876,9055,2879,195,1329,537,23,21,220,1440,209,22,96,559,349,173,5,591,2177,0
40178,5006,6838,950,158,936,348,6,4,390,138,94,6,62,922,24,6,6,522,1310,0
88874,10931,15353,3622,258,3082,274,75,72,69,1106,105,8,84,903,54,2,5,1588,3247,0
80471,6782,11608,4004,288,1796,400,33,34,88,1755,143,5,9,144,318,33,5,1135,3577,0
56275,6054,11741,640,393,752,534,21,55,611,236,319,0,49,812,63,23,5,169,282,0
8706,1050,1186,406,2,254,68,12,12,26,188,24,0,6,20,22,12,0,178,486,0
57545,4472,11775,1621,314,1171,329,59,77,90,374,181,16,126,38,97,18,3,582,1214,0
40275,2452,7285,1314,219,491,343,36,62,680,154,138,25,62,182,48,72,6,352,751,0
49240,5108,6986,6394,54,890,380,6,20,620,202,40,0,8,596,38,6,20,936,2978,0
78993,7262,15359,2153,1078,2169,222,8,8,258,473,183,3,65,458,60,25,12,1239,2634,0
71990,3343,13495,1821,529,766,380,59,396,667,911,203,63,155,492,142,91,18,664,768,0
38300,3290,7534,658,232,798,176,0,2,90,156,112,6,18,26,30,22,6,386,940,0
74079,7078,8277,5334,194,2029,729,25,27,110,2866,164,76,84,331,580,150,8,920,3617,0
11956,1604,1770,664,10,400,110,18,22,38,108,26,0,44,142,26,50,2,266,788,0
50685,10054,8162,2891,45,1119,492,11,11,270,302,11,0,27,160,77,10,5,1045,2997,0
67152,8305,12744,1810,240,1626,1253,229,389,1034,321,149,10,107,180,244,74,13,991,3574,0
8098,635,1206,468,12,198,32,2,2,61,108,27,3,33,4,16,34,0,120,338,0
33014,2539,6395,625,73,811,380,12,11,207,176,70,4,18,70,40,29,0,195,500,0
7966,670,1086,274,10,142,88,4,8,46,172,20,8,14,66,40,20,2,94,242,0
9922,914,1380,496,86,256,80,0,0,76,274,30,16,10,12,12,24,2,116,340,0
17642,1536,3032,688,70,332,212,2,20,126,330,56,2,34,166,16,20,0,166,520,0
6414,716,1159,158,45,148,35,0,0,19,84,13,1,21,1,16,6,2,57,178,0
12907,1122,2607,287,103,480,47,11,12,103,58,11,0,8,20,1,3,6,103,308,0
4186,282,502,384,16,74,92,2,8,38,122,6,0,0,4,38,2,6,44,198,0
2066,232,300,108,4,84,6,8,8,8,30,4,0,4,44,0,4,0,30,112,0
20944,1714,2522,1284,22,432,592,2,86,532,230,50,0,2,38,170,444,2,182,720,0
2826,268,334,136,8,64,32,0,4,4,72,6,0,4,12,12,12,2,42,100,0
62484,10485,12146,4729,282,1939,19,0,0,46,46,25,11,0,29,53,27,1,1033,3315,0
4292,376,486,280,30,112,30,2,2,10,180,4,0,0,0,18,0,0,52,202,0
3632,180,596,166,38,138,8,2,2,12,72,34,0,0,6,2,34,0,50,148,0
3443,204,639,108,20,168,16,2,2,23,62,12,0,1,0,0,0,0,30,88,0
41530,5247,7924,676,51,270,1154,2,280,1134,25,165,0,18,415,110,0,3,401,359,0
101839,8310,11288,7235,241,2218,65,23,23,32,5006,139,46,72,40,363,132,2,1181,5173,0
11648,633,2164,150,100,238,18,2,10,50,82,21,0,39,9,18,14,9,60,135,0
3926,472,614,134,30,96,64,10,12,54,6,4,0,2,22,4,0,6,88,200,0
61579,6336,11568,1704,428,2020,616,28,67,289,497,214,6,22,216,115,24,30,634,2103,0
66417,7489,10368,2256,83,932,169,135,146,569,176,72,2,173,2491,41,16,6,1011,3287,0
65714,3990,9506,3430,362,1826,196,82,140,138,1732,134,44,38,48,126,56,38,970,2970,0
52815,6728,9843,1553,381,1047,812,129,222,629,218,228,3,9,83,87,40,46,828,1534,0
63220,5105,13535,1460,142,881,1161,66,323,530,713,278,9,58,197,178,14,117,327,489,0
26158,4786,4578,568,218,524,146,24,26,58,324,14,4,18,488,42,10,2,486,926,0
101193,12015,12833,3350,116,2026,854,10,61,25,771,590,23,482,60,672,48,3,709,3560,0
54615,4000,10472,513,200,1120,436,52,242,142,241,222,3,38,287,28,5,17,474,887,0
12976,1618,2292,400,32,234,100,14,20,6,70,14,4,4,204,10,2,0,232,566,0
7020,1116,1178,288,6,180,88,16,14,12,100,70,0,0,36,10,6,0,130,344,0
1620,172,298,52,2,42,10,0,0,12,2,6,0,0,12,2,0,0,24,56,0
50739,7425,6793,6896,91,1275,23,1,1,61,1345,12,4,9,67,32,10,0,967,3747,0
5028,528,850,202,10,136,82,8,14,104,52,0,0,0,16,6,32,6,86,242,0
80556,3783,10628,3969,284,2055,323,43,56,227,2679,225,24,74,366,208,112,12,1080,2998,0
36275,4387,6119,885,299,1321,21,60,64,77,220,68,3,22,10,55,8,1,1063,1948,0
4752,332,883,116,46,173,3,5,6,1,57,5,0,0,5,8,0,0,63,141,0
1780,170,228,102,4,82,40,0,24,22,18,2,0,0,6,6,34,8,28,82,0
50390,5306,9108,1454,233,1423,750,19,22,224,274,139,6,21,328,137,28,16,385,723,0
63911,7461,10372,1974,320,1469,1334,19,31,472,486,181,3,60,732,127,100,10,734,2471,0
75223,7079,14527,3333,471,2859,88,10,13,514,606,118,5,84,70,71,117,25,906,2634,0
50180,5346,8136,2463,235,1169,597,44,45,135,1069,107,8,9,267,90,23,3,501,2048,0
64680,5035,10451,2299,110,1337,702,28,48,119,1310,120,6,39,129,187,75,24,594,1948,0
3158,308,358,124,2,72,36,0,0,10,14,0,0,0,126,12,0,0,44,198,0
33946,4108,5664,2002,46,802,700,14,42,954,198,54,2,30,114,122,44,6,408,1286,0
3570,320,472,118,20,76,20,20,22,20,4,8,0,0,10,4,10,0,90,124,0
42090,4678,8990,591,243,1256,738,39,36,196,155,138,5,4,26,53,59,8,203,367,0
29028,1911,4772,1455,189,397,103,38,59,61,290,29,10,21,259,35,8,4,266,559,0
10300,1452,1606,340,18,174,130,6,6,32,46,16,2,6,90,10,0,2,204,466,0
61908,4008,9118,3442,160,1726,300,68,230,110,1782,98,10,50,134,126,10,4,866,2384,0
65361,8501,10015,1759,498,1032,386,140,127,220,378,184,1,46,1279,68,22,0,1010,3464,0
2748,246,426,140,6,40,22,0,2,12,50,6,6,14,16,14,18,4,24,54,0
4148,478,620,42,6,42,214,6,30,76,10,16,0,0,48,22,0,8,42,42,0
22766,2400,3302,1386,112,454,358,18,38,72,474,48,36,28,34,94,38,28,468,746,0
16206,3066,2406,1804,64,522,112,22,32,196,422,68,6,62,24,86,90,8,246,922,0
71928,8842,16359,1334,401,1342,732,139,254,633,317,121,62,214,932,118,35,17,439,554,0
51909,10351,10673,3214,321,1151,581,152,165,1148,831,36,108,247,63,29,15,2,1026,3021,0
70987,9261,13773,1880,304,2905,44,25,37,405,722,108,1,12,487,10,10,3,1460,2533,0
7958,656,1120,816,70,250,192,14,50,30,16,10,0,2,30,64,4,30,86,342,0
66629,8665,12325,2358,192,1183,1012,48,132,561,467,160,7,34,157,42,4,0,1521,2388,0
5044,598,743,183,5,78,133,3,4,46,112,7,1,6,33,5,2,0,61,142,0
50519,5481,8151,1282,94,817,624,42,44,249,205,59,0,22,777,122,217,1,547,2196,0
67749,7917,11771,7729,209,1787,327,74,91,628,629,143,41,27,329,37,16,2,1131,3881,0
23750,2172,3592,652,48,540,96,4,20,34,240,52,2,28,512,22,2,6,414,1140,0
48216,5508,7881,1664,199,1104,581,41,88,284,552,125,11,62,818,93,32,21,774,1954,0
56369,4800,10339,1433,113,790,1054,113,247,972,485,211,4,51,343,115,112,15,540,1240,0
36319,7100,5729,2556,223,1610,88,38,43,355,423,51,27,35,128,19,23,1,1014,2805,0
49098,4636,9472,1153,399,961,465,27,39,329,395,234,11,28,368,65,31,2,407,1339,0
13338,3210,1690,518,12,328,196,2,12,6,240,28,0,14,114,18,18,6,296,798,0
19956,2278,3060,606,44,304,530,4,20,28,174,24,0,14,106,38,2,8,448,634,0
24052,3138,4716,464,14,426,292,4,226,1314,42,64,2,24,188,42,42,100,290,378,0
11242,1150,2034,326,56,324,322,8,230,80,256,12,4,2,50,42,14,196,82,178,0
55338,5702,10843,1423,283,1355,750,92,139,328,290,132,1,74,675,189,44,0,522,1524,0
27380,3250,4438,1040,208,804,46,66,62,222,280,88,6,106,236,78,150,0,406,996,0
78694,5198,13769,1887,203,1287,852,83,94,251,745,162,51,105,593,263,89,8,512,1625,0
5120,1120,962,336,0,104,100,12,12,32,72,48,0,20,36,66,32,0,82,202,0
61294,7525,12074,1388,515,1590,805,143,284,331,294,205,3,65,379,46,23,46,686,1180,1
64067,4928,13123,597,605,872,1256,27,175,1184,265,442,8,9,51,173,9,33,272,307,1
76911,7319,12478,2424,339,1429,94,191,200,46,961,106,11,46,3160,22,46,19,1191,2672,1
46940,2504,9001,1647,187,512,195,88,130,89,345,70,6,10,508,31,6,35,348,278,1
55589,6254,8333,3392,125,1495,66,15,17,81,858,125,15,39,28,95,89,1,851,2499,1
82205,5792,11457,5540,488,1750,331,43,55,130,2520,200,46,80,18,88,176,1,864,3556,1
58254,5300,13223,840,395,1701,515,19,20,797,60,271,4,0,99,103,9,1,13,65,1
49596,2700,7076,2142,120,1086,296,8,26,38,986,130,14,80,498,136,162,28,426,1496,1
63328,7402,12305,1313,367,1905,763,55,95,905,376,371,6,62,196,164,120,13,621,1760,1
5130,538,657,250,9,171,9,2,6,10,132,4,0,7,8,9,11,1,71,265,1
29222,2606,3496,2706,56,646,122,58,66,52,1096,28,2,8,112,34,30,2,406,1698,1
73116,6876,10977,2299,194,1522,397,11,11,258,1049,156,54,47,1524,234,25,5,792,2891,1
39716,3333,7456,809,99,1252,504,30,49,39,180,117,3,63,450,89,75,11,192,502,1
64646,9262,12537,2246,293,2761,81,66,71,162,376,195,8,85,117,47,96,8,1393,2650,1
58684,4625,11561,1317,315,1342,799,20,285,806,222,128,2,6,328,52,8,7,500,628,1
3906,346,594,220,26,118,32,12,12,10,112,12,0,10,0,6,24,4,50,100,1
40540,4477,5458,1812,204,788,200,20,28,35,1455,80,9,66,29,101,87,4,674,2160,1
43199,2510,6583,1491,251,800,546,23,68,81,479,73,20,9,271,100,34,18,456,1114,1
76192,6558,14372,1929,357,1596,683,83,106,218,486,219,24,160,205,99,30,26,748,1930,1
30626,2544,5094,1350,190,806,188,58,66,206,374,76,4,32,162,52,52,4,346,1016,1
71934,10801,14519,2338,314,2127,24,44,40,23,421,111,8,20,1499,1,1,3,2004,3156,1
51597,4604,8314,2228,204,1155,741,72,165,426,599,159,1,31,127,138,145,4,769,1723,1
46638,6542,7302,2144,170,882,228,28,56,62,386,64,10,34,126,64,30,8,950,2456,1
28577,1753,3275,1726,90,911,37,17,21,2,901,56,24,30,21,216,69,0,322,1338,1
61242,5323,11121,1745,409,1033,432,18,21,163,212,67,23,71,588,54,14,0,690,1174,1
49413,4869,8009,1594,158,1185,317,19,21,178,401,157,17,35,291,62,32,9,689,1622,1
77178,5802,14940,2198,800,1863,499,94,107,601,589,157,20,87,464,87,122,22,520,1328,1
78851,6516,15290,1445,279,2140,307,35,42,124,938,191,8,18,19,91,27,1,931,2476,1
34424,3472,5482,1334,55,1173,153,49,51,53,435,125,1,2,571,75,6,1,624,1426,1
52184,3857,11203,612,210,1477,492,78,135,789,268,173,12,12,226,57,20,5,214,135,1
46322,5028,7352,898,116,714,482,14,38,484,186,70,0,14,380,72,12,16,794,1878,1
37696,3859,7027,1243,319,586,433,116,182,15,201,35,1,27,172,49,15,3,648,1291,1
13402,1874,1892,592,42,156,192,12,28,266,142,30,8,2,220,56,4,8,178,186,1
42162,3858,6972,1358,122,1042,346,30,24,16,470,10,0,4,54,44,2,0,590,1348,1
9832,627,1986,179,40,219,58,19,16,85,65,24,1,4,19,13,6,1,31,99,1
41655,4546,7101,1483,240,1061,651,18,26,266,468,80,4,29,198,67,39,12,631,1191,1
65417,4924,14000,697,536,1426,455,67,86,233,265,257,13,17,108,64,4,25,365,555,1
52221,4542,10474,1326,292,1023,779,204,228,321,175,165,18,32,438,90,19,1,519,1363,1
3550,1454,732,138,18,54,72,2,2,10,4,22,0,2,10,28,12,0,30,62,1
114369,11463,14201,6262,259,3040,661,88,93,51,5278,43,0,30,226,50,48,7,1546,4746,1
74410,5831,13804,1728,612,1219,1139,103,264,170,474,107,20,112,524,227,29,10,501,691,1
71244,18302,15043,3354,176,2922,102,16,15,424,299,263,4,130,72,36,3,0,1819,3152,1
62926,8326,11610,2226,428,1654,682,64,69,62,606,166,14,22,134,56,28,6,941,2047,1
29058,3760,3838,2132,62,656,124,30,50,90,782,60,0,36,94,54,92,2,476,1550,1
73141,12592,12836,1640,158,1097,1488,22,22,19,642,103,8,51,1140,182,0,3,1328,3064,1
64742,3435,12781,948,565,1492,727,62,80,70,382,175,5,12,134,121,22,14,228,537,1
38821,3639,6913,1105,272,709,396,67,67,46,293,61,21,10,811,97,8,10,373,715,1
71497,6476,12661,2722,309,2270,740,10,10,435,487,315,33,100,438,135,110,12,647,2049,1
6254,724,860,190,0,222,52,0,2,38,42,20,2,10,150,14,16,0,116,430,1
74016,6642,15265,1768,402,2228,39,7,7,54,1351,37,13,10,1170,24,0,31,666,1721,1
57206,5095,9980,1431,271,1698,198,28,29,167,703,110,8,21,49,50,24,7,326,1159,1
62997,6732,13884,2587,421,1546,164,72,73,23,467,73,0,29,339,17,17,3,327,575,1
50044,6045,9801,3546,241,4292,101,40,102,1392,1414,112,7,5,12,21,18,1,1263,3492,1
63503,4830,13242,1356,377,1419,33,24,24,26,341,80,3,2,0,2,1,17,783,1698,1
56368,10107,9675,2310,254,1078,22,28,28,17,181,52,40,16,367,2,1,12,1137,2973,1
72406,4547,10525,4606,286,2246,743,137,272,352,1096,211,28,103,391,339,201,105,950,2826,1
41770,4312,7682,836,182,760,1028,26,42,140,216,90,2,44,100,48,2,2,888,1280,1
80037,6364,15328,1518,356,1534,907,42,48,110,419,264,16,236,632,66,1,0,956,2397,1
52028,3166,9663,936,241,1173,578,16,60,167,429,120,19,26,152,54,25,45,444,1182,1
72875,6820,14125,3190,433,2611,95,80,83,194,520,319,42,153,15,11,6,2,1456,2793,1
44600,1972,8686,1004,94,538,226,46,86,212,462,70,10,18,346,74,26,8,364,932,1
42120,1780,8202,624,196,740,414,30,40,92,148,106,0,8,46,88,8,8,208,554,1
46614,4780,8541,2549,125,854,773,119,163,408,228,115,6,50,221,73,27,8,576,1655,1
43254,4993,5982,2131,232,1032,142,17,42,67,901,36,14,16,141,29,26,7,929,2456,1
59288,7845,8946,7607,281,1887,200,346,348,114,1050,110,0,98,15,24,10,0,933,3459,1
36374,2924,6042,528,138,908,2,76,74,28,200,52,0,0,4,24,26,8,664,1308,1
60200,4326,11164,1486,189,1113,808,25,26,101,499,156,21,36,41,147,81,13,224,852,1
33113,3519,5376,3488,56,2082,288,10,12,128,54,92,0,81,406,4,114,2,1029,2459,1
5888,444,654,798,2,92,238,6,8,48,68,36,0,38,2,58,66,6,56,264,1
99616,8636,15285,3470,600,2444,455,49,51,346,2643,236,34,137,546,344,200,26,1080,2579,1
78513,6807,16474,1605,414,1336,773,12,12,387,378,265,8,76,245,164,111,9,246,595,1
18420,1258,2888,780,44,362,222,28,32,60,192,74,16,10,114,28,26,0,196,570,1
1604,180,238,114,0,48,32,0,0,16,0,4,4,2,6,12,4,0,26,56,1
64127,4161,13590,1312,310,1177,1105,41,75,445,327,314,6,40,81,73,64,16,165,528,1
53668,4544,10644,1192,348,1736,692,96,98,118,274,174,28,56,140,148,22,6,188,428,1
69701,4266,12530,1517,484,1046,889,5,9,48,832,243,8,44,125,100,66,1,406,1444,1
40130,3328,6276,1794,124,1086,226,38,36,74,600,96,4,22,136,92,50,2,526,1474,1
3984,398,492,230,16,114,20,2,2,14,58,10,0,6,6,22,14,0,66,210,1
57845,4721,10002,1687,228,1093,583,73,85,83,436,48,4,21,753,65,22,18,635,1077,1
69190,7538,12710,2040,686,1773,1090,51,68,400,399,163,2,188,270,187,15,17,801,2320,1
47475,6560,8071,2265,146,1181,185,27,31,202,194,88,6,46,299,33,42,4,885,2501,1
22634,2988,3444,966,66,1128,336,50,146,66,140,46,2,6,96,28,2,14,586,1138,1
74741,6059,14257,3003,434,1446,701,82,76,128,1013,380,1,61,108,154,168,38,776,1772,1
13664,1610,2338,484,52,260,156,12,12,10,164,24,4,6,172,28,2,0,234,528,1
6814,466,1238,200,38,116,132,4,10,76,76,16,2,0,36,12,4,8,34,112,1
51825,3852,10714,1347,141,1440,674,42,45,241,115,208,1,4,55,149,141,3,73,345,1
38924,5388,6710,1994,116,1160,294,58,66,116,400,182,2,6,324,86,10,0,794,1786,1
43478,3596,8777,594,297,1156,714,45,58,203,202,150,3,1,46,107,3,6,237,370,1
58086,4321,9900,1542,394,1718,1059,110,164,224,542,104,15,43,135,66,74,12,529,1586,1
35400,3906,5563,1701,142,877,314,33,33,50,428,98,12,39,183,66,26,6,531,1560,1
66084,13658,13014,1894,210,1390,2145,70,69,168,299,92,1,80,1318,348,5,28,698,1294,1
69281,4505,11751,3322,291,942,1264,148,190,115,1772,56,75,144,89,68,38,42,768,1999,1
5246,364,948,140,20,106,36,6,8,16,38,24,0,0,50,0,2,2,50,130,1
8776,1112,1316,222,26,194,82,0,6,10,138,24,0,18,68,42,24,0,140,320,1
40934,2799,7156,1205,133,618,477,26,36,18,368,70,7,9,356,81,17,7,314,923,1
71652,5141,13948,1042,559,1605,995,33,60,148,263,165,12,18,169,98,6,12,455,1013,1
51498,3976,7952,1350,158,1446,298,22,20,34,506,148,0,14,390,44,42,150,1014,2020,1
60294,6422,12660,2427,318,678,539,20,25,1129,667,79,4,110,492,61,34,7,404,824,1
33232,923,6756,1625,27,4134,106,3,12,13,192,60,10,7,537,30,11,2,229,1084,1
22352,2430,4008,1396,38,944,124,62,64,36,154,12,0,8,286,34,14,2,630,1240,1
67472,9498,11870,1882,102,1660,1486,318,318,60,178,126,12,38,128,260,10,4,1178,2594,1
84648,5967,13165,3854,282,1693,810,91,184,180,1576,203,25,102,495,233,122,77,841,2417,1
56384,5388,11894,864,224,1648,634,24,26,154,82,184,0,36,190,24,0,0,540,756,1
2214,4980,1274,264,22,186,56,32,32,18,2,0,0,0,4,6,0,0,122,276,1
54565,4302,10669,2437,203,1137,704,110,290,5,130,136,0,8,40,59,5,17,593,1353,1
57828,6301,11480,1961,272,1142,690,212,239,474,353,142,6,57,93,51,29,8,739,1858,1
61648,10673,12579,2528,241,2895,382,38,30,776,398,107,10,18,849,111,26,21,865,2144,1
47788,5370,9665,1121,226,1026,593,104,130,372,306,169,4,40,337,69,17,8,242,552,1
9573,915,1744,164,90,191,143,18,20,8,64,34,0,1,12,20,6,0,50,118,1
49184,3660,7862,2608,336,1320,376,136,246,160,888,128,4,46,248,58,56,30,654,1556,1
36956,4766,5246,1546,99,1142,28,101,101,7,109,58,4,0,5,5,0,0,1240,3439,1
7200,514,1032,348,50,164,104,18,18,10,114,24,0,16,26,26,24,0,66,222,1
45186,3744,5096,4602,420,1964,0,132,134,14,2148,8,0,2,6,12,8,0,628,2146,1
84887,5846,16056,2556,740,1499,406,57,102,25,386,229,53,131,663,152,66,69,770,1980,1
78280,4405,15948,928,645,1549,594,95,212,289,532,239,8,9,146,81,12,41,381,713,1
66036,4733,13374,909,507,1018,660,94,125,291,417,183,4,21,23,53,10,5,291,635,1
6144,1238,1000,320,14,216,98,36,40,78,0,6,0,0,0,22,0,0,164,560,1
90617,10246,19149,1849,561,1504,61,10,14,13,244,114,74,174,40,17,1,145,1258,2972,1
67907,9772,11654,1443,151,1740,1686,5,50,428,1082,39,6,18,94,75,22,2,934,3361,1
5600,642,1145,111,27,150,38,1,1,5,50,36,1,2,6,2,4,3,55,156,1
1274,118,208,92,2,28,18,0,0,20,6,10,4,6,26,10,8,2,16,26,1
46188,6115,8263,2094,256,1543,79,106,113,71,237,159,3,12,122,19,10,5,910,2428,1
35450,4509,5991,1145,140,861,177,17,55,58,344,70,7,17,151,44,35,4,636,1615,1
63850,6889,10153,2786,256,2409,35,19,27,60,257,58,5,11,413,64,2,2,1294,3446,1
33425,3466,6615,885,334,809,394,20,22,60,484,194,1,71,241,70,44,4,161,468,1
39888,3198,5954,1206,224,1020,462,26,60,72,590,150,14,86,212,168,138,18,338,974,1
44094,4256,8476,1850,310,882,148,74,82,258,218,94,14,24,704,8,4,18,824,1050,1
19034,3110,3088,898,34,372,354,42,44,18,64,14,0,6,218,42,0,2,362,868,1
28122,1623,5411,672,288,712,363,9,55,179,171,65,3,12,97,68,17,22,184,413,1
56193,7978,9640,4673,432,2040,629,327,334,109,538,40,2,67,214,63,8,0,816,2720,1
71302,5625,14795,1460,290,1750,493,34,70,31,318,141,4,28,396,108,39,8,274,707,1
58716,6841,9924,1891,226,1152,221,30,33,33,479,320,0,28,500,44,32,3,1005,2823,1
50517,2701,6818,2744,156,1338,249,80,86,15,826,132,81,39,46,162,84,5,566,1990,1
59621,4448,12487,1144,378,1420,306,11,9,257,251,223,22,41,72,115,61,1,258,699,1
78795,8162,11484,2585,210,1537,227,7,7,143,1797,143,90,44,685,741,73,4,1104,3218,1
35086,4202,5292,1502,172,864,412,44,44,120,772,26,10,42,276,110,24,2,442,1226,1
59926,5058,13436,1203,341,1286,150,28,29,66,414,161,3,7,255,12,6,0,249,414,1
66816,5421,13769,1743,466,1550,183,209,209,236,316,139,6,96,274,73,17,4,734,1679,1
67853,13810,9621,2936,142,3193,27,24,22,8,1145,107,8,21,3,0,9,11,1118,3820,1
42854,3845,7828,1713,312,1089,458,292,323,108,211,89,3,13,84,39,27,3,785,1462,1
6722,654,1006,210,16,136,62,2,4,12,68,10,0,0,54,0,0,2,124,252,1
40760,3296,5758,2664,234,790,558,52,56,74,660,118,22,26,426,142,48,8,630,1466,1
31986,2158,5028,718,132,1078,14,38,58,162,196,60,2,8,4,56,28,6,402,904,1
58962,6436,10579,1619,224,1623,489,72,93,307,523,115,24,49,234,130,52,22,776,1933,1
64278,6798,10614,1962,338,1310,500,18,24,250,720,210,16,66,906,72,36,12,800,2114,1
69190,6782,13874,1776,258,1446,262,50,74,236,348,302,4,46,280,50,6,32,860,2032,1
11415,1553,2201,720,35,449,2,15,14,12,74,5,1,1,1,9,2,3,207,417,1
21650,1571,4326,259,183,395,169,15,49,190,26,41,2,6,380,42,16,5,112,120,1
66187,4349,13157,2537,583,2457,582,26,51,3,915,152,8,28,65,97,34,7,288,893,1
6201,215,872,269,29,137,12,5,5,4,112,23,2,9,13,18,23,0,135,262,1
81042,7619,14960,1846,352,1477,802,33,83,47,1018,112,17,29,18,114,41,6,802,1320,1
42262,3932,8140,928,192,500,506,36,184,96,170,98,10,4,30,56,4,4,558,824,1
53767,7302,9135,2638,347,1453,481,387,493,252,577,85,1,17,420,103,25,93,1109,2328,1
93478,5006,11709,4379,244,1958,619,58,115,42,1577,129,10,45,237,2471,65,24,1177,3508,1
71819,3905,16224,275,775,2136,102,13,13,123,203,303,2,6,69,11,4,90,379,186,1
64317,4016,13267,998,182,1220,1039,104,148,306,473,273,5,10,83,64,19,23,322,749,1
62634,3294,11875,2369,241,933,351,76,82,115,1032,250,40,88,251,121,69,30,346,1270,1
47780,4590,7384,1733,206,1040,849,37,59,56,949,108,12,67,552,81,27,4,622,1437,1
73420,9162,12836,2076,209,1507,1523,46,119,612,305,147,0,36,1092,120,68,20,1041,1932,1
45036,5293,8845,1226,361,860,824,9,240,863,107,96,0,17,401,111,14,35,316,393,1
17154,2168,2896,868,60,382,190,44,40,14,304,146,0,8,44,62,16,0,252,778,1
32808,1552,4416,2742,234,764,274,32,100,52,458,60,0,22,12,30,18,20,700,1722,1
45398,2824,9133,1010,410,288,949,31,34,538,12,355,1,4,153,122,0,0,31,116,1
77899,8033,16153,1688,622,2030,269,31,44,58,679,92,1,21,1278,48,33,21,381,1035,1
30520,4012,3240,2558,2,436,2278,0,32,314,322,2,0,0,14,358,544,30,158,860,1
8810,604,974,656,22,208,36,0,0,2,290,20,0,8,18,38,18,0,102,476,1
80328,13601,16115,2794,278,3738,30,165,141,49,1166,109,6,53,1248,13,15,16,1888,3497,1
77503,4305,15898,1300,609,1214,1031,78,78,221,376,241,18,77,71,39,41,1,241,696,1
22593,1778,3343,862,47,481,148,11,12,89,303,45,6,6,157,41,25,2,216,775,1
16746,1894,1988,1252,58,510,130,10,12,34,254,50,2,22,120,58,40,0,326,1184,1
69486,3673,12618,1662,245,1035,706,92,107,88,779,230,10,22,228,168,36,16,600,1414,1
62524,2428,13820,644,682,756,862,89,352,94,187,179,9,36,57,96,11,97,361,160,1
70117,5347,14270,1303,546,1106,992,124,129,84,526,200,13,37,1038,120,18,15,347,473,1
25154,2726,3498,1306,142,658,614,164,200,268,136,36,0,8,182,80,2,44,448,1550,1
16792,1512,2500,860,68,460,70,12,16,16,216,30,0,8,92,66,14,4,228,656,1
16236,2644,2860,1472,94,430,2,4,6,18,254,42,0,12,0,8,2,0,356,1070,1
74213,18813,15776,1865,254,3146,3,177,161,1,880,3,0,79,20,0,0,0,2403,3149,1
54426,7324,8535,3001,287,1472,10,9,8,19,614,50,0,14,35,5,1,0,1276,2872,1
70927,4730,12160,2397,361,1316,618,200,254,195,1109,159,94,94,494,152,115,45,575,1333,1
55906,3079,11148,846,75,1126,594,5,65,101,63,50,8,7,14,43,5,8,150,460,1
69934,3022,13454,1490,528,1196,648,254,308,96,484,156,26,26,148,210,58,14,380,912,1
59088,3930,10301,3035,169,1109,393,20,27,105,574,82,8,0,128,11,1113,14,403,1984,1
14034,856,2264,576,50,400,42,8,28,48,224,46,4,14,52,26,36,2,248,440,1
36142,3720,7080,2901,151,1356,628,99,107,110,89,123,2,12,169,41,8,3,417,1381,1
21325,1785,3168,405,38,707,118,1,1,15,631,73,0,3,324,62,29,0,375,719,1
86751,13526,14651,5038,1501,3021,119,167,161,95,682,238,0,153,1,119,257,6,1065,3396,1
46130,4165,7893,2824,295,1371,451,16,25,144,445,119,3,20,30,39,33,4,635,1822,1
78956,4819,13881,1257,566,1130,1434,131,313,577,1160,201,5,69,54,174,37,32,605,1135,1
8906,992,1394,388,70,194,108,52,54,38,58,42,0,4,12,12,16,0,158,422,1
85325,4871,15038,2626,361,1499,706,31,90,224,848,153,21,58,345,159,27,13,659,1587,1
3062,312,418,118,8,64,30,8,10,2,54,4,0,6,2,10,6,2,66,174,1
80772,7194,17405,1609,234,2052,554,79,126,62,400,275,6,26,486,306,38,49,462,582,1
13973,1273,2788,783,513,11,211,49,49,4,0,0,0,0,388,2,0,0,198,16,1
49181,3120,9480,1230,290,1379,816,41,230,62,299,62,5,1,152,119,22,45,397,631,1
61201,4587,10410,983,278,1568,297,8,14,280,515,341,4,25,503,84,58,4,444,1057,1
52304,4892,13809,2137,273,1500,850,91,105,180,371,210,48,65,331,231,88,0,776,1213,1
73677,12385,12394,4453,114,1652,884,68,106,552,1111,201,13,8,116,28,5,2,1767,3120,1
55740,7058,7341,2933,265,1456,188,51,145,144,584,32,0,54,82,116,114,2,1500,3862,1
61596,5146,9174,2716,186,1468,740,110,128,322,644,148,42,50,616,240,136,8,656,2032,1
71379,6640,15286,1009,137,1437,750,43,80,152,249,240,2,97,470,118,52,2,311,747,1
49928,5527,9245,2865,133,777,1424,9,14,54,405,44,9,129,579,458,14,8,701,1112,1
66012,6865,10355,2606,385,1384,312,26,26,32,1548,232,230,79,299,61,80,6,755,1942,1
62641,4385,13163,1192,370,1408,582,33,33,61,197,196,3,22,29,73,39,3,246,484,1
68033,3720,14912,1194,274,1165,737,7,20,68,154,174,8,6,35,188,0,6,98,286,1
63194,6046,12010,878,322,1120,188,64,98,258,352,130,2,20,878,68,10,18,464,1470,1
60464,4668,10294,1778,235,2157,170,50,53,101,96,58,4,9,61,25,1,9,989,3085,1
38264,1933,7631,611,53,564,330,67,139,147,410,64,7,39,68,15,18,29,398,677,1
63253,3295,13631,851,478,1969,418,10,14,624,50,52,2,4,300,210,37,0,77,118,1
3156,401,462,146,9,90,11,2,2,4,40,8,0,4,3,35,7,0,68,160,1
10750,1068,1464,986,26,274,64,4,4,0,184,38,4,30,30,48,62,0,218,500,1
